{"format":"OpenConfiguration_1.3.0","status":{"code":200},"products":[{"kind":null,"state":{"comId":"c9e92437-a078-4ee8-a147-0b0822d7203e","gfxId":null,"geometricHash":null,"visualHash":null},"transform":{"position":{"x":-0.20495600000003833,"y":0,"z":-0.0039669999999887295},"rotation":{"x":0,"y":0,"z":0,"w":1},"scale":{"x":1,"y":1,"z":1}},"materialCategories":{"Candy.Basics.MatFoot":"Candy.Basics.Default","Candy.Basics.Cover":"Candy.Basics.Mat_1057-0049","Candy.Basics.CoverMaterial":"Candy.Basics.Default","Candy.Basics.Stitch":"Candy.Basics.Naht","Candy.Basics.Stitch2":"Candy.Basics.Naht_Wabenstich","Candy.Basics.TableMat":"Candy.Basics.Mat_BeechNat","@Candy.Basics.Mat_MetalBlack":"Candy.Basics.Mat_MetalBlack"},"categories":null,"structure":[{"path":".","visible":true,"selectable":"Self","geometry":null,"geometryParameters":null,"deformation":null,"layer":null,"materialCategory":null,"mapping":null,"transform":null,"interactor":null,"interactorParameters":null,"tags":null,"options":null},{"path":"o1","visible":true,"selectable":"Parent","geometry":null,"geometryParameters":null,"deformation":null,"layer":null,"materialCategory":null,"mapping":null,"transform":null,"interactor":null,"interactorParameters":null,"tags":null,"options":null},{"path":"o1.o1","visible":true,"selectable":"Parent","geometry":null,"geometryParameters":null,"deformation":null,"layer":null,"materialCategory":null,"mapping":null,"transform":{"position":{"x":0,"y":0.15000000596046448,"z":0},"rotation":null,"scale":null},"interactor":null,"interactorParameters":null,"tags":null,"options":null},{"path":"o1.o1.o1","visible":true,"selectable":"Parent","geometry":null,"geometryParameters":null,"deformation":null,"layer":null,"materialCategory":null,"mapping":null,"transform":{"position":{"x":0.18799999356269836,"y":0,"z":0},"rotation":null,"scale":null},"interactor":null,"interactorParameters":null,"tags":null,"options":null},{"path":"o1.o1.o1.o1","visible":true,"selectable":"Parent","geometry":"Candy.Coast.SeatCushion_80_L","geometryParameters":null,"deformation":null,"layer":null,"materialCategory":"Candy.Basics.Cover","mapping":null,"transform":{"position":{"x":0,"y":0.12999999523162842,"z":0.2199999988079071},"rotation":null,"scale":{"x":1.0099999904632568,"y":1,"z":1}},"interactor":null,"interactorParameters":null,"tags":null,"options":null},{"path":"o1.o1.o1.o2","visible":true,"selectable":"Parent","geometry":"Candy.Coast.SeatCushion_80_R","geometryParameters":null,"deformation":null,"layer":null,"materialCategory":"Candy.Basics.Cover","mapping":null,"transform":{"position":{"x":0.800000011920929,"y":0.12999999523162842,"z":0.2199999988079071},"rotation":null,"scale":{"x":1.0099999904632568,"y":1,"z":1}},"interactor":null,"interactorParameters":null,"tags":null,"options":null},{"path":"o1.o1.o1.o3","visible":true,"selectable":"Parent","geometry":"Candy.Coast.SeatBack_80_L","geometryParameters":null,"deformation":null,"layer":null,"materialCategory":"Candy.Basics.Cover","mapping":null,"transform":{"position":{"x":-0.009999999776482582,"y":0.23000000417232513,"z":0.05999999865889549},"rotation":null,"scale":{"x":1.0149999856948853,"y":1,"z":1}},"interactor":null,"interactorParameters":null,"tags":null,"options":null},{"path":"o1.o1.o1.o4","visible":true,"selectable":"Parent","geometry":"Candy.Coast.SeatBack_80_R","geometryParameters":null,"deformation":null,"layer":null,"materialCategory":"Candy.Basics.Cover","mapping":null,"transform":{"position":{"x":0.800000011920929,"y":0.23000000417232513,"z":0.05999999865889549},"rotation":null,"scale":null},"interactor":null,"interactorParameters":null,"tags":null,"options":null},{"path":"o1.o2","visible":true,"selectable":"Parent","geometry":null,"geometryParameters":null,"deformation":null,"layer":null,"materialCategory":null,"mapping":null,"transform":{"position":{"x":0,"y":0.15000000596046448,"z":0},"rotation":null,"scale":null},"interactor":null,"interactorParameters":null,"tags":null,"options":null},{"path":"o1.o2.o1","visible":true,"selectable":"Self","geometry":"Candy.Coast.Armrest_1_L","geometryParameters":null,"deformation":null,"layer":null,"materialCategory":"Candy.Basics.Cover","mapping":null,"transform":{"position":{"x":0.003000000026077032,"y":-0.002300000051036477,"z":0},"rotation":null,"scale":null},"interactor":"IGX.Std.DeformationInteractor","interactorParameters":{"Active":"false"},"tags":null,"options":null},{"path":"o1.o2.o1.o4","visible":true,"selectable":"Parent","geometry":"Candy.Basics.Foot_622","geometryParameters":null,"deformation":null,"layer":null,"materialCategory":"Candy.Basics.MatFoot","mapping":null,"transform":{"position":{"x":0.09200000017881393,"y":-0.1476999968290329,"z":0.10000000149011612},"rotation":null,"scale":null},"interactor":null,"interactorParameters":null,"tags":null,"options":null},{"path":"o1.o2.o1.o5","visible":true,"selectable":"Parent","geometry":"Candy.Basics.Foot_622","geometryParameters":null,"deformation":null,"layer":null,"materialCategory":"Candy.Basics.MatFoot","mapping":null,"transform":{"position":{"x":0.09200000017881393,"y":-0.1476999968290329,"z":0.8399999737739563},"rotation":null,"scale":null},"interactor":null,"interactorParameters":null,"tags":null,"options":null},{"path":"o1.o3","visible":true,"selectable":"Parent","geometry":null,"geometryParameters":null,"deformation":null,"layer":null,"materialCategory":null,"mapping":null,"transform":{"position":{"x":0,"y":0.15000000596046448,"z":0},"rotation":null,"scale":null},"interactor":null,"interactorParameters":null,"tags":null,"options":null},{"path":"o1.o3.o1","visible":true,"selectable":"Parent","geometry":"Candy.Coast.FramePart_160","geometryParameters":null,"deformation":null,"layer":null,"materialCategory":"Candy.Basics.Cover","mapping":null,"transform":{"position":{"x":0.18799999356269836,"y":0,"z":0},"rotation":null,"scale":{"x":1.0099999904632568,"y":1,"z":1}},"interactor":null,"interactorParameters":null,"tags":null,"options":null},{"path":"o1.o4","visible":true,"selectable":"Parent","geometry":null,"geometryParameters":null,"deformation":null,"layer":null,"materialCategory":null,"mapping":null,"transform":null,"interactor":null,"interactorParameters":null,"tags":null,"options":null},{"path":"o2","visible":true,"selectable":"Parent","geometry":null,"geometryParameters":null,"deformation":null,"layer":null,"materialCategory":null,"mapping":null,"transform":{"position":{"x":1.7929999828338623,"y":0,"z":0},"rotation":null,"scale":null},"interactor":null,"interactorParameters":null,"tags":null,"options":null},{"path":"o2.o1","visible":true,"selectable":"Parent","geometry":null,"geometryParameters":null,"deformation":null,"layer":null,"materialCategory":null,"mapping":null,"transform":{"position":{"x":0,"y":0.15000000596046448,"z":0},"rotation":null,"scale":null},"interactor":null,"interactorParameters":null,"tags":null,"options":null},{"path":"o2.o1.o1","visible":true,"selectable":"Parent","geometry":"Candy.Coast.SeatCushion_UE_200_Corner_L","geometryParameters":null,"deformation":null,"layer":null,"materialCategory":"Candy.Basics.Cover","mapping":null,"transform":{"position":{"x":0,"y":0.10000000149011612,"z":0.1599999964237213},"rotation":null,"scale":null},"interactor":null,"interactorParameters":null,"tags":null,"options":null},{"path":"o2.o1.o2","visible":true,"selectable":"Parent","geometry":"Candy.Coast.SeatCushion_UE_220_End_R","geometryParameters":null,"deformation":null,"layer":null,"materialCategory":"Candy.Basics.Cover","mapping":null,"transform":{"position":{"x":0.9700000286102295,"y":0.12999999523162842,"z":0.8949999809265137},"rotation":{"x":0,"y":-0.7071067811865475,"z":0,"w":0.7071067811865476},"scale":null},"interactor":null,"interactorParameters":null,"tags":null,"options":null},{"path":"o2.o1.o3","visible":true,"selectable":"Parent","geometry":"Candy.Coast.Seatback_UE_200_45_R","geometryParameters":null,"deformation":null,"layer":null,"materialCategory":"Candy.Basics.Cover","mapping":null,"transform":{"position":{"x":0.5299999713897705,"y":0.23000000417232513,"z":0.09000000357627869},"rotation":null,"scale":null},"interactor":null,"interactorParameters":null,"tags":null,"options":null},{"path":"o2.o1.o4","visible":true,"selectable":"Parent","geometry":"Candy.Coast.Seatback_UE_200_45_L","geometryParameters":null,"deformation":null,"layer":null,"materialCategory":"Candy.Basics.Cover","mapping":null,"transform":{"position":{"x":0.8100000023841858,"y":0.23000000417232513,"z":0.06199999898672104},"rotation":{"x":0,"y":-0.7071067811865475,"z":0,"w":0.7071067811865476},"scale":null},"interactor":null,"interactorParameters":null,"tags":null,"options":null},{"path":"o2.o1.o5","visible":true,"selectable":"Parent","geometry":"Candy.Coast.SeatBack_UE_200_End_L","geometryParameters":null,"deformation":null,"layer":null,"materialCategory":"Candy.Basics.Cover","mapping":null,"transform":{"position":{"x":0.8799999952316284,"y":0.25,"z":0.8899999856948853},"rotation":{"x":0,"y":-0.7071067811865475,"z":0,"w":0.7071067811865476},"scale":null},"interactor":null,"interactorParameters":null,"tags":null,"options":null},{"path":"o2.o2","visible":true,"selectable":"Parent","geometry":null,"geometryParameters":null,"deformation":null,"layer":null,"materialCategory":null,"mapping":null,"transform":{"position":{"x":0,"y":0.15000000596046448,"z":0},"rotation":null,"scale":null},"interactor":null,"interactorParameters":null,"tags":null,"options":null},{"path":"o2.o2.o1","visible":true,"selectable":"Parent","geometry":"Candy.Coast.FramePart_UE_220_R","geometryParameters":null,"deformation":null,"layer":null,"materialCategory":"Candy.Basics.Cover","mapping":null,"transform":{"position":{"x":0.949999988079071,"y":-0.006000000052154064,"z":0},"rotation":{"x":0,"y":-0.7071067811865475,"z":0,"w":0.7071067811865476},"scale":null},"interactor":null,"interactorParameters":null,"tags":null,"options":null},{"path":"o2.o3","visible":true,"selectable":"Parent","geometry":null,"geometryParameters":null,"deformation":null,"layer":null,"materialCategory":null,"mapping":null,"transform":null,"interactor":null,"interactorParameters":null,"tags":null,"options":null},{"path":"o2.o3.o1","visible":true,"selectable":"Parent","geometry":"Candy.Basics.Foot_622","geometryParameters":null,"deformation":null,"layer":null,"materialCategory":"Candy.Basics.MatFoot","mapping":null,"transform":{"position":{"x":0.07500000298023224,"y":0,"z":2.0999999046325684},"rotation":null,"scale":null},"interactor":null,"interactorParameters":null,"tags":null,"options":null},{"path":"o2.o3.o2","visible":true,"selectable":"Parent","geometry":"Candy.Basics.Foot_622","geometryParameters":null,"deformation":null,"layer":null,"materialCategory":"Candy.Basics.MatFoot","mapping":null,"transform":{"position":{"x":0.8949999809265137,"y":0,"z":2.0999999046325684},"rotation":null,"scale":null},"interactor":null,"interactorParameters":null,"tags":null,"options":null},{"path":"o2.o3.o3","visible":true,"selectable":"Parent","geometry":"Candy.Basics.Foot_622","geometryParameters":null,"deformation":null,"layer":null,"materialCategory":"Candy.Basics.MatFoot","mapping":null,"transform":{"position":{"x":0.07500000298023224,"y":0,"z":0.8659999966621399},"rotation":null,"scale":null},"interactor":null,"interactorParameters":null,"tags":null,"options":null},{"path":"o2.o3.o4","visible":true,"selectable":"Parent","geometry":"Candy.Basics.Foot_622","geometryParameters":null,"deformation":null,"layer":null,"materialCategory":"Candy.Basics.MatFoot","mapping":null,"transform":{"position":{"x":0.07500000298023224,"y":0,"z":0.07999999821186066},"rotation":null,"scale":null},"interactor":null,"interactorParameters":null,"tags":null,"options":null},{"path":"o2.o3.o5","visible":true,"selectable":"Parent","geometry":"Candy.Basics.Foot_622","geometryParameters":null,"deformation":null,"layer":null,"materialCategory":"Candy.Basics.MatFoot","mapping":null,"transform":{"position":{"x":0.8949999809265137,"y":0,"z":0.07999999821186066},"rotation":null,"scale":null},"interactor":null,"interactorParameters":null,"tags":null,"options":null},{"path":"o2.o3.o6","visible":true,"selectable":"Parent","geometry":"Candy.Basics.Support_Foot_95","geometryParameters":null,"deformation":null,"layer":null,"materialCategory":"@Candy.Basics.Mat_MetalBlack","mapping":null,"transform":{"position":{"x":0.5,"y":0.004999999888241291,"z":0.44999998807907104},"rotation":null,"scale":{"x":1,"y":1.5499999523162842,"z":1}},"interactor":null,"interactorParameters":null,"tags":null,"options":null},{"path":"o2.o3.o6.o1","visible":true,"selectable":"Parent","geometry":"Candy.Basics.Support_Foot_Glider","geometryParameters":null,"deformation":null,"layer":null,"materialCategory":"@Candy.Basics.Mat_MetalBlack","mapping":null,"transform":{"position":{"x":0,"y":-0.004999999888241291,"z":0},"rotation":null,"scale":null},"interactor":null,"interactorParameters":null,"tags":null,"options":null}],"topView":null,"preview":null,"points":null,"masterData":null,"status":{"code":200,"message":null}}],"representations":["Standard"],"hashes":{},"geometries":{"Candy.Coast.SeatCushion_80_L":{"ig":{"previewFormat":null,"preview":null,"colliderFormat":null,"collider":null,"meshFormat":"OpenCTM","mesh":"2d65dd4c-f511-4247-836e-5a826af7a018/file.ctm","normalMapFormat":"PNG","normalMap":"df3345ba-2af6-46d6-9b83-feee51a140e4/Candy.Coast.SeatCushion_80_L.geo/normals_std.png","deformationFormat":null,"deformation":null,"deformationXDataFormat":null,"deformationXData":null,"parameters":null}},"Candy.Coast.SeatCushion_80_R":{"ig":{"previewFormat":null,"preview":null,"colliderFormat":null,"collider":null,"meshFormat":"OpenCTM","mesh":"baaeff51-b5f5-4b80-82fe-2207028d35e8/file.ctm","normalMapFormat":"PNG","normalMap":"8f53f08b-0c3c-4ce6-a443-022b943d1402/Candy.Coast.SeatCushion_80_R.geo/normals_std.png","deformationFormat":null,"deformation":null,"deformationXDataFormat":null,"deformationXData":null,"parameters":null}},"Candy.Coast.SeatBack_80_L":{"ig":{"previewFormat":null,"preview":null,"colliderFormat":null,"collider":null,"meshFormat":"OpenCTM","mesh":"5dd5005e-13a9-4d07-a410-b72f83f4213c/file.ctm","normalMapFormat":"PNG","normalMap":"c8b6319b-0c73-4c62-9005-5ff2f52e61f8/Candy.Coast.SeatBack_80_L.geo/normals_std.png","deformationFormat":null,"deformation":null,"deformationXDataFormat":null,"deformationXData":null,"parameters":null}},"Candy.Coast.SeatBack_80_R":{"ig":{"previewFormat":null,"preview":null,"colliderFormat":null,"collider":null,"meshFormat":"OpenCTM","mesh":"51a8ef0c-310f-40f1-a7e8-c666d893314b/file.ctm","normalMapFormat":"PNG","normalMap":"65f5507f-2792-4f40-ab4e-dac17c4b9093/Candy.Coast.SeatBack_80_R.geo/normals_std.png","deformationFormat":null,"deformation":null,"deformationXDataFormat":null,"deformationXData":null,"parameters":null}},"Candy.Coast.Armrest_1_L":{"ig":{"previewFormat":null,"preview":null,"colliderFormat":null,"collider":null,"meshFormat":"OpenCTM","mesh":"17995ab9-a695-42ed-bd2a-449b8a084f3a/Candy.Coast.Armrest_1_L.geo/standard.ctm","normalMapFormat":"PNG","normalMap":"6e658423-1085-4819-890d-a463bfba80b3/Candy.Coast.Armrest_1_L.geo/normals_std.png","deformationFormat":null,"deformation":null,"deformationXDataFormat":null,"deformationXData":null,"parameters":null}},"Candy.Basics.Foot_622":{"ig":{"previewFormat":null,"preview":null,"colliderFormat":null,"collider":null,"meshFormat":"OpenCTM","mesh":"060680d5-14b7-4d15-be55-467f1ca7d579/file.ctm","normalMapFormat":null,"normalMap":null,"deformationFormat":null,"deformation":null,"deformationXDataFormat":null,"deformationXData":null,"parameters":null}},"Candy.Coast.FramePart_160":{"ig":{"previewFormat":null,"preview":null,"colliderFormat":null,"collider":null,"meshFormat":"OpenCTM","mesh":"c46cf7cb-b4c2-4f95-9ffa-944dbfc78b0b/file.ctm","normalMapFormat":"PNG","normalMap":"c8282fc1-747b-4876-ab97-77aebcd551b6/Candy.Coast.FramePart_160.geo/normals_std.png","deformationFormat":null,"deformation":null,"deformationXDataFormat":null,"deformationXData":null,"parameters":null}},"Candy.Coast.SeatCushion_UE_200_Corner_L":{"ig":{"previewFormat":null,"preview":null,"colliderFormat":null,"collider":null,"meshFormat":"OpenCTM","mesh":"f7cacf04-89aa-48dd-989c-02367dc221e9/file.ctm","normalMapFormat":"PNG","normalMap":"2a395f9e-23df-42e6-a9fb-5fc3e8cf18ab/file.png","deformationFormat":null,"deformation":null,"deformationXDataFormat":null,"deformationXData":null,"parameters":null}},"Candy.Coast.SeatCushion_UE_220_End_R":{"ig":{"previewFormat":null,"preview":null,"colliderFormat":null,"collider":null,"meshFormat":"OpenCTM","mesh":"4d5e1654-1c41-4dd3-8811-6eeca174cc5d/file.ctm","normalMapFormat":"PNG","normalMap":"13be7ca4-c733-4572-8e7b-4c535d9a00ab/file.png","deformationFormat":null,"deformation":null,"deformationXDataFormat":null,"deformationXData":null,"parameters":null}},"Candy.Coast.Seatback_UE_200_45_R":{"ig":{"previewFormat":null,"preview":null,"colliderFormat":null,"collider":null,"meshFormat":"OpenCTM","mesh":"6519b822-581a-4b48-bb15-e20d31d85a15/file.ctm","normalMapFormat":"PNG","normalMap":"a628ebd6-6540-4e86-8e02-4bc015b3cd83/file.png","deformationFormat":null,"deformation":null,"deformationXDataFormat":null,"deformationXData":null,"parameters":null}},"Candy.Coast.Seatback_UE_200_45_L":{"ig":{"previewFormat":null,"preview":null,"colliderFormat":null,"collider":null,"meshFormat":"OpenCTM","mesh":"1b4eff15-43e9-4780-bf62-6b17b72a7c85/file.ctm","normalMapFormat":"PNG","normalMap":"904f1b2c-dd8b-4d7d-a6d4-a04ecf5aa445/file.png","deformationFormat":null,"deformation":null,"deformationXDataFormat":null,"deformationXData":null,"parameters":null}},"Candy.Coast.SeatBack_UE_200_End_L":{"ig":{"previewFormat":null,"preview":null,"colliderFormat":null,"collider":null,"meshFormat":"OpenCTM","mesh":"3beb95c1-7768-4f6f-8416-5e81ae8aa670/file.ctm","normalMapFormat":"PNG","normalMap":"ca130fdf-4a1a-4db4-80cf-6881c3d1d423/file.png","deformationFormat":null,"deformation":null,"deformationXDataFormat":null,"deformationXData":null,"parameters":null}},"Candy.Coast.FramePart_UE_220_R":{"ig":{"previewFormat":null,"preview":null,"colliderFormat":null,"collider":null,"meshFormat":"OpenCTM","mesh":"a907d180-7f53-4c18-b91a-3387231235ce/file.ctm","normalMapFormat":"PNG","normalMap":"37ed7c8f-13a2-41d9-b96e-b826cb75f3e8/file.png","deformationFormat":null,"deformation":null,"deformationXDataFormat":null,"deformationXData":null,"parameters":null}},"Candy.Basics.Support_Foot_95":{"ig":{"previewFormat":null,"preview":null,"colliderFormat":null,"collider":null,"meshFormat":"OpenCTM","mesh":"fd45c17c-73e2-46c4-94d1-6df6b7a14dbf/file.ctm","normalMapFormat":null,"normalMap":null,"deformationFormat":null,"deformation":null,"deformationXDataFormat":null,"deformationXData":null,"parameters":null}},"Candy.Basics.Support_Foot_Glider":{"ig":{"previewFormat":null,"preview":null,"colliderFormat":null,"collider":null,"meshFormat":"OpenCTM","mesh":"13929df6-7577-46b8-a0ee-a65e2aef7928/file.ctm","normalMapFormat":null,"normalMap":null,"deformationFormat":null,"deformation":null,"deformationXDataFormat":null,"deformationXData":null,"parameters":null}}},"materials":{"Candy.Basics.Default":{"ig":{"diffuse":{"alphaMode":null,"color":{"red":0.5059,"green":0.5059,"blue":0.5059},"map":{"mapFormat":"JPEG","map":"f353a7f0-e13f-464e-8681-bdbd3d6f8073/Candy.Basics.Default.tex/standard.jpg","mapping":null}},"specular":null,"shininess":null,"emission":null,"normal":null,"roughness":null,"alpha":null,"roughnessDelta":null,"mapping":null,"taxonomy":null,"parameters":null}},"Candy.Basics.Mat_1057-0049":{"ig":{"diffuse":{"alphaMode":null,"color":{"red":0.47450000000000003,"green":0.5373,"blue":0.5373},"map":{"mapFormat":"JPEG","map":"67114f0d-eacc-401d-8742-11ae3e21eefd/file.jpeg","mapping":null}},"specular":null,"shininess":null,"emission":null,"normal":{"map":{"mapFormat":"JPEG","map":"f1d7884a-e5d2-475c-a2df-cda971026b9b/file.jpeg","mapping":null}},"roughness":{"map":{"mapFormat":"JPEG","map":"90fc5dfb-8558-406d-9ae4-36f2e43cac81/file.jpeg","mapping":null}},"alpha":null,"roughnessDelta":{"mapFormat":"JPEG","map":"12ae0344-71f7-4efe-b0ce-2260d4dd010f/file.jpeg","mapping":{"translationS":0,"translationT":0,"rotation":0,"scaleS":3,"scaleT":3}},"mapping":{"translationS":0,"translationT":0,"rotation":0,"scaleS":1.0753,"scaleT":1.1364},"taxonomy":{"mat":"velv","rou":1,"fre":1},"parameters":null}},"Candy.Basics.Naht":{"ig":{"diffuse":{"alphaMode":null,"color":{"red":0.9686,"green":0.9216000000000001,"blue":0.7647}},"specular":null,"shininess":null,"emission":null,"normal":{"map":{"mapFormat":"PNG","map":"7080f183-2f4e-4691-b8d4-78e31993a827/file.png","mapping":null}},"roughness":null,"alpha":{"value":1,"map":{"mapFormat":"PNG","map":"3a040df2-9f41-41a4-98c6-e137f965b51a/file.png","mapping":null}},"roughnessDelta":null,"mapping":null,"taxonomy":null,"parameters":{"Overlay":true}}},"Candy.Basics.Naht_Wabenstich":{"ig":{"diffuse":{"alphaMode":null,"color":{"red":0.9686,"green":0.9216000000000001,"blue":0.7647}},"specular":null,"shininess":null,"emission":null,"normal":{"map":{"mapFormat":"PNG","map":"55f88f22-40e9-4c42-9662-bf2308a68d55/file.png","mapping":null}},"roughness":null,"alpha":{"value":1,"map":{"mapFormat":"PNG","map":"fe20fc45-8bca-4c61-957a-7a4f02a18be6/file.png","mapping":null}},"roughnessDelta":null,"mapping":null,"taxonomy":null,"parameters":{"Overlay":true}}},"Candy.Basics.Mat_BeechNat":{"ig":{"diffuse":{"alphaMode":null,"color":{"red":0.8745,"green":0.6745,"blue":0.47450000000000003},"map":{"mapFormat":"JPEG","map":"c5f2c3e6-91eb-4ccb-827e-f3d5d8d05ff5/Candy.Basics.Tex_BeechNat.tex/standard.jpg","mapping":null}},"specular":null,"shininess":null,"emission":null,"normal":{"map":{"mapFormat":"JPEG","map":"aecd8df4-fe3f-4d32-b53e-68f2db5da280/Candy.Basics.Tex_BeechBlack.tex/normals_std.jpg","mapping":null}},"roughness":{"map":{"mapFormat":"JPEG","map":"b831a30a-c0d3-4607-8e62-e5328da24478/Candy.Basics.Tex_BeechBlack.tex/roughness_std.jpg","mapping":null}},"alpha":null,"roughnessDelta":null,"mapping":null,"taxonomy":null,"parameters":null}},"Candy.Basics.Mat_MetalBlack":{"ig":{"diffuse":{"alphaMode":null,"color":{"red":0,"green":0,"blue":0}},"specular":null,"shininess":null,"emission":null,"normal":null,"roughness":null,"alpha":null,"roughnessDelta":null,"mapping":null,"taxonomy":null,"parameters":null}}},"scripts":[{"name":"IG.Math","mode":"Interactor","version":"1.1.1.100","runTime":true,"path":"4d419555-9fc1-4163-8b0a-6aa4cc599336/IG.Math.js"},{"name":"IG.GFX.Standard","mode":"Interactor","version":"1.8.2.100","runTime":true,"path":"3542f65e-7031-4eea-95ee-349a802978b1/IG.GFX.Standard.js"},{"name":"Candy.Interactors","mode":"Interactor","version":"1.0.1.1","runTime":true,"path":"bf15cfa5-8dbb-44c4-bc59-bf9294c3c5b6/Candy.Interactors.js"},{"name":"Candy.CoastInt","mode":"Interactor","version":"1.0.0.1","runTime":true,"path":"db29e107-6648-4602-981e-fe394e06c9d3/Candy.CoastInt.js"}]}